{
  "routes": [
    { "route": "/feedback", "rewrite": "/feedback/index.html" },
    { "route": "/feedback/", "rewrite": "/feedback/index.html" },
    { "route": "/feedback/*", "rewrite": "/feedback/index.html" }
  ],
  "navigationFallback": {
    "rewrite": "/index.html",
    "exclude": ["*.{css,js,png,jpg,jpeg,gif,svg,ico,json,woff,woff2,txt,xml}"]
  },
  "globalHeaders": {
    "X-Frame-Options": "DENY",
    "X-Content-Type-Options": "nosniff",
    "Referrer-Policy": "strict-origin-when-cross-origin",
    "Permissions-Policy": "camera=(), microphone=(), geolocation=()"
  },
  "mimeTypes": {
    ".json": "application/json",
    ".woff": "font/woff",
    ".woff2": "font/woff2"
  }
}
